id,label,deviceId,name,installedAt
D0,Device,DEV-000,Device Kind,2024-02-07
D1,Device,DEV-001,Device Top,2024-04-30
D2,Device,DEV-002,Device Cultural,2023-12-12
D3,Device,DEV-003,Device Management,2023-12-16
D4,Device,DEV-004,Device Might,2024-01-03
D5,Device,DEV-005,Device Meeting,2024-04-11
D6,Device,DEV-006,Device Change,2025-02-11
D7,Device,DEV-007,Device Produce,2023-10-28
D8,Device,DEV-008,Device Can,2023-06-22
D9,Device,DEV-009,Device Operation,2023-10-04
D10,Device,DEV-010,Device She,2025-04-01
D11,Device,DEV-011,Device Quite,2024-05-21
D12,Device,DEV-012,Device Blood,2024-05-04
D13,Device,DEV-013,Device Fast,2023-12-19
D14,Device,DEV-014,Device Child,2025-02-05
D15,Device,DEV-015,Device Key,2023-06-18
D16,Device,DEV-016,Device Professor,2025-01-17
D17,Device,DEV-017,Device Poor,2024-02-22
D18,Device,DEV-018,Device No,2024-10-21
D19,Device,DEV-019,Device Or,2023-11-15
D20,Device,DEV-020,Device Process,2024-06-28
D21,Device,DEV-021,Device All,2024-05-01
D22,Device,DEV-022,Device So,2023-06-19
D23,Device,DEV-023,Device Car,2024-02-02
D24,Device,DEV-024,Device Compare,2024-07-21
D25,Device,DEV-025,Device Staff,2023-10-31
D26,Device,DEV-026,Device Big,2023-08-13
D27,Device,DEV-027,Device Section,2024-04-03
D28,Device,DEV-028,Device Work,2023-08-29
D29,Device,DEV-029,Device Meeting,2024-11-21
D30,Device,DEV-030,Device Example,2024-05-31
D31,Device,DEV-031,Device Week,2024-01-30
D32,Device,DEV-032,Device Put,2024-03-06
D33,Device,DEV-033,Device Billion,2024-02-21
D34,Device,DEV-034,Device Little,2025-05-11
D35,Device,DEV-035,Device Sign,2023-07-27
D36,Device,DEV-036,Device Reason,2023-09-19
D37,Device,DEV-037,Device No,2024-06-15
D38,Device,DEV-038,Device Shoulder,2025-05-10
D39,Device,DEV-039,Device Up,2024-01-05
D40,Device,DEV-040,Device Hand,2023-11-10
D41,Device,DEV-041,Device Use,2024-08-04
D42,Device,DEV-042,Device Class,2024-06-11
D43,Device,DEV-043,Device Care,2024-04-24
D44,Device,DEV-044,Device Dark,2025-01-25
D45,Device,DEV-045,Device Street,2023-09-30
D46,Device,DEV-046,Device Heart,2024-10-12
D47,Device,DEV-047,Device Sort,2024-04-23
D48,Device,DEV-048,Device Turn,2025-02-10
D49,Device,DEV-049,Device Mention,2024-04-01
D50,Device,DEV-050,Device Institution,2024-10-03
D51,Device,DEV-051,Device Remember,2025-06-12
D52,Device,DEV-052,Device Western,2024-07-01
D53,Device,DEV-053,Device Thank,2024-12-26
D54,Device,DEV-054,Device Alone,2023-12-29
D55,Device,DEV-055,Device Choice,2024-10-10
D56,Device,DEV-056,Device Become,2025-02-23
D57,Device,DEV-057,Device Front,2024-07-27
D58,Device,DEV-058,Device Be,2025-02-10
D59,Device,DEV-059,Device Recently,2024-05-16
D60,Device,DEV-060,Device Pm,2025-06-11
D61,Device,DEV-061,Device Economy,2024-09-22
D62,Device,DEV-062,Device Book,2024-06-09
D63,Device,DEV-063,Device About,2023-08-13
D64,Device,DEV-064,Device Store,2023-10-03
D65,Device,DEV-065,Device Environment,2024-10-29
D66,Device,DEV-066,Device Discussion,2023-08-12
D67,Device,DEV-067,Device Value,2024-04-29
D68,Device,DEV-068,Device Something,2024-01-31
D69,Device,DEV-069,Device Side,2025-03-03
D70,Device,DEV-070,Device About,2023-11-07
D71,Device,DEV-071,Device Star,2023-08-17
D72,Device,DEV-072,Device Toward,2023-10-05
D73,Device,DEV-073,Device According,2023-11-14
D74,Device,DEV-074,Device Serious,2024-07-20
D75,Device,DEV-075,Device Specific,2023-11-05
D76,Device,DEV-076,Device Trouble,2025-06-17
D77,Device,DEV-077,Device Consumer,2024-07-26
D78,Device,DEV-078,Device Factor,2024-12-20
D79,Device,DEV-079,Device Near,2025-05-06
D80,Device,DEV-080,Device Price,2023-06-28
D81,Device,DEV-081,Device A,2024-07-04
D82,Device,DEV-082,Device Short,2023-12-22
D83,Device,DEV-083,Device Determine,2023-12-02
D84,Device,DEV-084,Device Plant,2025-04-10
D85,Device,DEV-085,Device Look,2025-05-09
D86,Device,DEV-086,Device Service,2024-06-02
D87,Device,DEV-087,Device Risk,2024-10-15
D88,Device,DEV-088,Device Measure,2023-08-02
D89,Device,DEV-089,Device Realize,2025-05-21
D90,Device,DEV-090,Device Card,2025-02-10
D91,Device,DEV-091,Device Near,2024-06-13
D92,Device,DEV-092,Device Possible,2023-07-18
D93,Device,DEV-093,Device Police,2025-01-16
D94,Device,DEV-094,Device Sound,2024-11-08
D95,Device,DEV-095,Device Group,2024-10-25
D96,Device,DEV-096,Device Customer,2024-10-25
D97,Device,DEV-097,Device School,2024-08-01
D98,Device,DEV-098,Device Leader,2025-06-09
D99,Device,DEV-099,Device Rate,2025-01-09
D100,Device,DEV-100,Device Author,2024-01-27
D101,Device,DEV-101,Device Situation,2024-02-14
D102,Device,DEV-102,Device Shake,2025-04-08
D103,Device,DEV-103,Device Nothing,2024-01-17
D104,Device,DEV-104,Device Clearly,2025-02-25
D105,Device,DEV-105,Device Statement,2025-03-20
D106,Device,DEV-106,Device Artist,2025-04-04
D107,Device,DEV-107,Device Get,2025-02-11
D108,Device,DEV-108,Device Offer,2023-08-15
D109,Device,DEV-109,Device Quite,2024-06-30
D110,Device,DEV-110,Device Study,2024-11-25
D111,Device,DEV-111,Device Or,2023-08-20
D112,Device,DEV-112,Device She,2024-11-22
D113,Device,DEV-113,Device Ago,2025-04-21
D114,Device,DEV-114,Device Bit,2024-06-01
D115,Device,DEV-115,Device National,2024-08-01
D116,Device,DEV-116,Device Discuss,2024-10-30
D117,Device,DEV-117,Device Ahead,2024-04-22
D118,Device,DEV-118,Device Color,2025-01-20
D119,Device,DEV-119,Device So,2024-03-09
D120,Device,DEV-120,Device Itself,2024-08-23
D121,Device,DEV-121,Device Serious,2025-05-13
D122,Device,DEV-122,Device Now,2023-11-04
D123,Device,DEV-123,Device Once,2025-02-18
D124,Device,DEV-124,Device Themselves,2023-07-02
D125,Device,DEV-125,Device Section,2024-12-16
D126,Device,DEV-126,Device Senior,2025-05-04
D127,Device,DEV-127,Device Partner,2024-04-09
D128,Device,DEV-128,Device Today,2024-10-30
D129,Device,DEV-129,Device Must,2025-05-05
D130,Device,DEV-130,Device Operation,2023-11-06
D131,Device,DEV-131,Device Less,2023-11-22
D132,Device,DEV-132,Device Baby,2023-10-17
D133,Device,DEV-133,Device Reach,2024-03-24
D134,Device,DEV-134,Device Task,2023-08-13
D135,Device,DEV-135,Device Company,2024-03-31
D136,Device,DEV-136,Device Part,2023-10-09
D137,Device,DEV-137,Device Mind,2024-06-06
D138,Device,DEV-138,Device Edge,2023-11-07
D139,Device,DEV-139,Device Dark,2024-07-06
D140,Device,DEV-140,Device There,2024-10-11
D141,Device,DEV-141,Device Various,2024-08-24
D142,Device,DEV-142,Device Start,2024-05-13
D143,Device,DEV-143,Device Foreign,2025-05-09
D144,Device,DEV-144,Device Your,2024-04-13
D145,Device,DEV-145,Device Break,2024-03-20
D146,Device,DEV-146,Device Seat,2023-11-06
D147,Device,DEV-147,Device Box,2024-12-18
D148,Device,DEV-148,Device No,2025-03-28
D149,Device,DEV-149,Device Quality,2024-09-04
