id,label,orderId,status,createdAt
O0,Order,ORD-0000,cancelled,2025-04-10
O1,Order,ORD-0001,cancelled,2024-07-23
O2,Order,ORD-0002,cancelled,2024-08-28
O3,Order,ORD-0003,completed,2024-10-16
O4,Order,ORD-0004,pending,2025-01-14
O5,Order,ORD-0005,completed,2024-09-20
O6,Order,ORD-0006,completed,2024-09-03
O7,Order,ORD-0007,pending,2025-03-08
O8,Order,ORD-0008,completed,2024-12-28
O9,Order,ORD-0009,cancelled,2025-03-31
O10,Order,ORD-0010,cancelled,2024-11-22
O11,Order,ORD-0011,completed,2025-01-30
O12,Order,ORD-0012,pending,2024-11-19
O13,Order,ORD-0013,pending,2025-06-15
O14,Order,ORD-0014,cancelled,2024-06-19
O15,Order,ORD-0015,pending,2024-07-14
O16,Order,ORD-0016,pending,2024-12-21
O17,Order,ORD-0017,pending,2025-04-08
O18,Order,ORD-0018,pending,2025-03-06
O19,Order,ORD-0019,completed,2025-03-07
O20,Order,ORD-0020,completed,2025-02-15
O21,Order,ORD-0021,pending,2024-11-06
O22,Order,ORD-0022,completed,2025-05-24
O23,Order,ORD-0023,pending,2024-11-30
O24,Order,ORD-0024,completed,2024-06-26
O25,Order,ORD-0025,pending,2024-12-16
O26,Order,ORD-0026,completed,2024-09-08
O27,Order,ORD-0027,pending,2025-05-24
O28,Order,ORD-0028,completed,2024-08-17
O29,Order,ORD-0029,completed,2025-05-04
O30,Order,ORD-0030,pending,2025-04-18
O31,Order,ORD-0031,pending,2025-02-07
O32,Order,ORD-0032,completed,2024-09-14
O33,Order,ORD-0033,cancelled,2024-11-02
O34,Order,ORD-0034,cancelled,2024-12-27
O35,Order,ORD-0035,cancelled,2025-03-16
O36,Order,ORD-0036,pending,2024-09-18
O37,Order,ORD-0037,completed,2024-08-30
O38,Order,ORD-0038,pending,2025-06-14
O39,Order,ORD-0039,cancelled,2024-08-11
O40,Order,ORD-0040,cancelled,2024-06-30
O41,Order,ORD-0041,cancelled,2024-07-24
O42,Order,ORD-0042,completed,2024-10-18
O43,Order,ORD-0043,completed,2025-02-18
O44,Order,ORD-0044,completed,2024-12-04
O45,Order,ORD-0045,pending,2025-01-23
O46,Order,ORD-0046,completed,2025-04-13
O47,Order,ORD-0047,completed,2024-12-01
O48,Order,ORD-0048,cancelled,2025-02-06
O49,Order,ORD-0049,cancelled,2025-01-18
O50,Order,ORD-0050,completed,2024-09-27
O51,Order,ORD-0051,pending,2025-01-03
O52,Order,ORD-0052,cancelled,2024-08-17
O53,Order,ORD-0053,pending,2024-09-20
O54,Order,ORD-0054,cancelled,2024-11-02
O55,Order,ORD-0055,completed,2025-03-18
O56,Order,ORD-0056,completed,2024-12-14
O57,Order,ORD-0057,completed,2024-09-26
O58,Order,ORD-0058,pending,2024-12-22
O59,Order,ORD-0059,pending,2024-08-18
O60,Order,ORD-0060,completed,2025-04-27
O61,Order,ORD-0061,pending,2024-11-04
O62,Order,ORD-0062,pending,2025-02-03
O63,Order,ORD-0063,pending,2025-02-06
O64,Order,ORD-0064,pending,2024-06-30
O65,Order,ORD-0065,completed,2024-12-03
O66,Order,ORD-0066,cancelled,2024-07-18
O67,Order,ORD-0067,cancelled,2024-11-30
O68,Order,ORD-0068,cancelled,2024-12-15
O69,Order,ORD-0069,completed,2024-07-11
O70,Order,ORD-0070,cancelled,2025-04-17
O71,Order,ORD-0071,pending,2024-10-12
O72,Order,ORD-0072,cancelled,2025-02-20
O73,Order,ORD-0073,pending,2024-12-02
O74,Order,ORD-0074,cancelled,2024-09-28
O75,Order,ORD-0075,pending,2024-08-04
O76,Order,ORD-0076,cancelled,2024-10-23
O77,Order,ORD-0077,pending,2024-06-19
O78,Order,ORD-0078,pending,2024-09-04
O79,Order,ORD-0079,completed,2025-04-20
O80,Order,ORD-0080,completed,2024-10-17
O81,Order,ORD-0081,completed,2025-03-22
O82,Order,ORD-0082,cancelled,2024-11-02
O83,Order,ORD-0083,completed,2024-11-12
O84,Order,ORD-0084,pending,2025-03-11
O85,Order,ORD-0085,completed,2025-04-06
O86,Order,ORD-0086,completed,2025-03-22
O87,Order,ORD-0087,completed,2024-08-22
O88,Order,ORD-0088,completed,2025-06-07
O89,Order,ORD-0089,completed,2025-01-31
O90,Order,ORD-0090,completed,2024-11-11
O91,Order,ORD-0091,pending,2025-04-22
O92,Order,ORD-0092,cancelled,2024-12-15
O93,Order,ORD-0093,completed,2024-06-20
O94,Order,ORD-0094,cancelled,2025-05-14
O95,Order,ORD-0095,completed,2024-07-31
O96,Order,ORD-0096,completed,2025-01-29
O97,Order,ORD-0097,pending,2025-05-11
O98,Order,ORD-0098,completed,2024-07-27
O99,Order,ORD-0099,cancelled,2024-07-26
O100,Order,ORD-0100,pending,2025-02-10
O101,Order,ORD-0101,cancelled,2024-08-23
O102,Order,ORD-0102,pending,2025-03-04
O103,Order,ORD-0103,completed,2024-10-02
O104,Order,ORD-0104,completed,2025-06-04
O105,Order,ORD-0105,cancelled,2024-07-11
O106,Order,ORD-0106,completed,2024-11-16
O107,Order,ORD-0107,pending,2024-09-02
O108,Order,ORD-0108,pending,2025-04-07
O109,Order,ORD-0109,pending,2024-09-28
O110,Order,ORD-0110,completed,2025-01-05
O111,Order,ORD-0111,cancelled,2025-05-17
O112,Order,ORD-0112,cancelled,2025-04-02
O113,Order,ORD-0113,completed,2024-07-10
O114,Order,ORD-0114,cancelled,2024-07-17
O115,Order,ORD-0115,cancelled,2024-08-20
O116,Order,ORD-0116,pending,2025-01-27
O117,Order,ORD-0117,completed,2025-04-16
O118,Order,ORD-0118,completed,2024-11-20
O119,Order,ORD-0119,completed,2025-05-20
O120,Order,ORD-0120,pending,2024-06-25
O121,Order,ORD-0121,completed,2024-11-21
O122,Order,ORD-0122,cancelled,2024-10-04
O123,Order,ORD-0123,pending,2025-01-09
O124,Order,ORD-0124,cancelled,2024-07-17
O125,Order,ORD-0125,pending,2024-10-31
O126,Order,ORD-0126,cancelled,2024-12-07
O127,Order,ORD-0127,pending,2024-10-01
O128,Order,ORD-0128,pending,2025-03-06
O129,Order,ORD-0129,pending,2024-09-19
O130,Order,ORD-0130,pending,2025-02-15
O131,Order,ORD-0131,pending,2024-10-23
O132,Order,ORD-0132,pending,2024-08-13
O133,Order,ORD-0133,pending,2025-04-18
O134,Order,ORD-0134,completed,2024-07-13
O135,Order,ORD-0135,pending,2025-06-13
O136,Order,ORD-0136,completed,2024-07-17
O137,Order,ORD-0137,completed,2024-12-01
O138,Order,ORD-0138,completed,2024-07-03
O139,Order,ORD-0139,completed,2024-11-02
O140,Order,ORD-0140,completed,2025-03-11
O141,Order,ORD-0141,pending,2025-04-25
O142,Order,ORD-0142,completed,2024-11-29
O143,Order,ORD-0143,pending,2024-07-09
O144,Order,ORD-0144,cancelled,2024-08-11
O145,Order,ORD-0145,pending,2025-04-28
O146,Order,ORD-0146,pending,2025-05-17
O147,Order,ORD-0147,completed,2024-07-26
O148,Order,ORD-0148,cancelled,2024-07-08
O149,Order,ORD-0149,cancelled,2024-12-24
