id,label,name,nationalCode,role
P0,Person,John Stewart,5457453124,Technician
P1,Person,Lorraine Williams,1302940973,Engineer
P2,Person,Terry Harris,4946502021,Manager
P3,Person,Nicole Moore,5104954872,Engineer
P4,Person,Dr. Jasmine Jones,1760169344,Manager
P5,Person,Whitney Kennedy,5994384859,Engineer
P6,Person,Justin Hoover,9077974908,Engineer
P7,Person,Mr. Paul Christian,5676449535,Manager
P8,Person,Jennifer Wilson,4454843606,Technician
P9,Person,Robert Rogers,8748870797,Engineer
P10,Person,Steven Wright,9389191227,Engineer
P11,Person,Krista Johnson,2009242669,Manager
P12,Person,Cynthia Macias,6632409432,Manager
P13,Person,Gabriel Sanchez,0577891268,Manager
P14,Person,Wendy Cortez,1141577649,Technician
P15,Person,Jacob Hancock,7323340406,Manager
P16,Person,Brittany Tucker,8972384467,Engineer
P17,Person,Rodney Fisher,1048831230,Technician
P18,Person,Jeffrey Jennings,2483273697,Technician
P19,Person,Frank Tran,4491778702,Technician
P20,Person,Tyler Jimenez,2389880077,Engineer
P21,Person,Mark Moore,2102072941,Engineer
P22,Person,Cynthia Gonzalez,7055418997,Technician
P23,Person,Samantha Jones,7673939391,Technician
P24,Person,Shaun Wolfe,2924438859,Manager
P25,Person,Jennifer Moore,5212131715,Manager
P26,Person,Victor Andrews,9086888434,Technician
P27,Person,James Wolf MD,4961959691,Manager
P28,Person,Marie Garcia,9758254297,Manager
P29,Person,Whitney Foster,4885595303,Manager
P30,Person,Jeremy Gordon,3672991347,Engineer
P31,Person,James Tyler,7823773217,Manager
P32,Person,Monique Kelley,1623509597,Technician
P33,Person,Jacqueline Wallace PhD,4776232944,Manager
P34,Person,Kathy West,3056720927,Manager
P35,Person,Tamara Chapman,7769433946,Engineer
P36,Person,Jacqueline Andrews,3778878945,Engineer
P37,Person,Kathleen Evans,0581943006,Technician
P38,Person,Meagan Herrera,8043887941,Manager
P39,Person,Benjamin Miller,3601668197,Manager
P40,Person,Amy Blankenship,9273331692,Technician
P41,Person,Jared Cole,3191740055,Technician
P42,Person,Edward Mcneil,4359473881,Engineer
P43,Person,Joseph Mora,7301307894,Technician
P44,Person,Kayla Crawford,6006128468,Manager
P45,Person,David Jackson,3436159481,Manager
P46,Person,Michael Davies,2665172034,Manager
P47,Person,Melvin Schultz,9079344769,Manager
P48,Person,Lauren Silva,1116313868,Manager
P49,Person,Richard Wilson,2323463848,Technician
P50,Person,Hunter Cruz,7466097837,Technician
P51,Person,Kevin Thomas,3624087644,Engineer
P52,Person,Alejandro Herrera,9068628271,Engineer
P53,Person,Tina Miller,6945294474,Technician
P54,Person,Andrew Holland,1767840563,Manager
P55,Person,Jennifer Rogers,8538147243,Engineer
P56,Person,Paul Salazar,4272810295,Manager
P57,Person,Raven Bentley,5257395011,Engineer
P58,Person,Nathan Alexander,6060390073,Technician
P59,Person,Christopher Patterson,2610546567,Technician
P60,Person,Mary Jenkins,2943849679,Manager
P61,Person,Perry Wilson,2573090552,Engineer
P62,Person,Katrina Clark,9117109460,Engineer
P63,Person,Sarah Hoffman,5093425142,Technician
P64,Person,Edward Chambers,0872117011,Manager
P65,Person,Jacqueline Hoffman,1880502720,Manager
P66,Person,Aaron David,2036147817,Manager
P67,Person,William Brown,5785203019,Engineer
P68,Person,Michael Novak,4455772294,Manager
P69,Person,Jorge Mcintosh,0495141586,Manager
P70,Person,Michael Ingram,1433750276,Engineer
P71,Person,John Patel,8533141522,Engineer
P72,Person,Lisa Weber,1087673983,Manager
P73,Person,Melissa Cherry,2145542191,Engineer
P74,Person,Michele George,5823881467,Engineer
P75,Person,Jonathan Lopez,0058965767,Engineer
P76,Person,Michael Porter,8575232244,Engineer
P77,Person,James Munoz,5612190056,Engineer
P78,Person,Julie Levy,5984605372,Technician
P79,Person,Stephanie Massey,5295867862,Engineer
P80,Person,Arthur York,4193759830,Engineer
P81,Person,Tina Thomas,2628123534,Technician
P82,Person,Anna Davidson,3633965527,Manager
P83,Person,Amber Johnston,0009698434,Technician
P84,Person,Diane Jones,4507534967,Technician
P85,Person,Diamond Mitchell,4824292988,Technician
P86,Person,Robert Hoffman,4684980238,Engineer
P87,Person,Dean Ramirez,7173296248,Technician
P88,Person,Reginald Juarez,6702288059,Manager
P89,Person,William Lewis,2805877733,Technician
P90,Person,Alicia Adams,2484203810,Engineer
P91,Person,Katherine Garcia,7337688483,Technician
P92,Person,Ronald Luna,1684658666,Engineer
P93,Person,Taylor Hendrix,6180441448,Manager
P94,Person,Mark Rogers,4849321953,Engineer
P95,Person,James Gonzalez,0143743489,Engineer
P96,Person,Mrs. Melissa Robbins,1754548978,Engineer
P97,Person,Benjamin Carpenter,9885637339,Manager
P98,Person,Karen Wise,6135539741,Engineer
P99,Person,Rose Ramos,2363625497,Engineer
P100,Person,Mark Carter,2545461603,Technician
P101,Person,Kristi Martinez,3871844138,Engineer
P102,Person,Andre Morris,9545492980,Manager
P103,Person,Melinda Bailey PhD,8322292177,Technician
P104,Person,Hannah Stanley,5445581666,Manager
P105,Person,Joseph Taylor,0660760092,Manager
P106,Person,Susan Contreras,4847934508,Manager
P107,Person,Shelby Perry,0366779389,Technician
P108,Person,Jessica Herrera,5720955676,Manager
P109,Person,Patricia Schmidt,7809284700,Engineer
P110,Person,Tracy Avery,4650140886,Engineer
P111,Person,Courtney Atkins,9492604054,Manager
P112,Person,Christopher Paul,0782675284,Engineer
P113,Person,Steve Miller,2952343169,Engineer
P114,Person,Joseph White,8952318901,Manager
P115,Person,Monique Walker,9826596196,Manager
P116,Person,Ellen Figueroa,5305315430,Engineer
P117,Person,Edwin Frye,1786069592,Technician
P118,Person,Claire Kim,0747569618,Manager
P119,Person,Dylan Hudson,8473662693,Technician
P120,Person,Kimberly Glenn,6889257499,Technician
P121,Person,Wendy Johnson,0038885056,Engineer
P122,Person,James Davis,7126265367,Manager
P123,Person,Michelle Smith,4274670885,Engineer
P124,Person,Nathaniel Douglas,4186856046,Technician
P125,Person,Denise Mejia,5053769042,Technician
P126,Person,Robert Ortiz,7054003343,Engineer
P127,Person,Brenda Hernandez,9952918014,Engineer
P128,Person,Regina Ramsey,7032099769,Technician
P129,Person,Timothy Williams,8443078328,Manager
P130,Person,Alexis Richardson,0747150338,Technician
P131,Person,Carrie Watkins,3116314607,Technician
P132,Person,Michael Lee,3643122583,Technician
P133,Person,David Martinez,6483109466,Technician
P134,Person,Daniel Deleon,6743684438,Manager
P135,Person,Joseph Smith,5636320778,Engineer
P136,Person,Garrett Holmes,0328577240,Manager
P137,Person,Charles Adams,7672516075,Engineer
P138,Person,Mr. Thomas Moss,0622773991,Technician
P139,Person,Amy Sutton,5989573657,Technician
P140,Person,Stephanie Jones,4126414871,Engineer
P141,Person,Steven Lloyd MD,3547141339,Engineer
P142,Person,Laura Brown,2134605422,Engineer
P143,Person,Dana Peterson,9050318877,Engineer
P144,Person,Lori Blanchard,6021693584,Engineer
P145,Person,Tyler Curtis,2240063886,Technician
P146,Person,Debra Miranda,8675439452,Technician
P147,Person,Tyrone Bauer,9315391011,Technician
P148,Person,Peter Miller,1286041061,Technician
P149,Person,Amy Mora,7194532400,Engineer
P150,Person,Jessica Wells,4470256214,Engineer
P151,Person,David Ellis,6927073741,Technician
P152,Person,Susan Cook,1555577955,Engineer
P153,Person,Joseph Green,0862065396,Engineer
P154,Person,Cynthia Garcia,0556576066,Engineer
P155,Person,Paul Cole,2820494111,Manager
P156,Person,Terry Wolf,1283838675,Engineer
P157,Person,Ashley Mckay,7974578027,Manager
P158,Person,Tony Gibson,8062800883,Technician
P159,Person,Clifford Payne MD,6976692774,Engineer
P160,Person,David Foster,4473137799,Manager
P161,Person,Shawn Mcguire,0872119232,Technician
P162,Person,Jon Alvarado,3626933770,Manager
P163,Person,Erika Jones,7294366580,Engineer
P164,Person,Logan Villegas,8180001165,Technician
P165,Person,Darryl Johnson,6219675188,Technician
P166,Person,Tracy Williams,4037508799,Engineer
P167,Person,Philip Ward,3518412285,Manager
P168,Person,John Floyd,1812258754,Manager
P169,Person,John Pope,9637413581,Technician
P170,Person,Mrs. Tracy Yu PhD,9022103619,Engineer
P171,Person,Sherri Bailey,8499983624,Technician
P172,Person,Laura Smith,8817464430,Engineer
P173,Person,Karen Wood,6649571606,Technician
P174,Person,Chad Andrade,6113558492,Manager
P175,Person,Miss Sherry Bennett,2406410505,Engineer
P176,Person,Jaime Barron,5921718817,Engineer
P177,Person,Kenneth Cruz,5530888206,Engineer
P178,Person,Jennifer Gordon,9587343294,Manager
P179,Person,Theresa Miller,7523224544,Technician
P180,Person,Dr. Samantha Thomas,2151459677,Engineer
P181,Person,Ashley Carpenter,8934427103,Manager
P182,Person,Donald Burch,5848135603,Manager
P183,Person,Christine Blackwell,3694602859,Manager
P184,Person,Terry Weber,9055314646,Manager
P185,Person,Jonathan Delacruz,3514946839,Engineer
P186,Person,Amanda Johnson,7271258666,Manager
P187,Person,Gavin Rivera,1132854116,Technician
P188,Person,Patrick Brown,6349002510,Technician
P189,Person,Sabrina White,2161624266,Engineer
P190,Person,Sara Fowler,6036719059,Engineer
P191,Person,Mrs. Anna Leonard MD,6760887595,Manager
P192,Person,Tonya Huynh,7770661546,Manager
P193,Person,John Marks,1941217011,Engineer
P194,Person,Michael Bartlett MD,9878207737,Engineer
P195,Person,Jaime Smith,9288352917,Manager
P196,Person,Joshua Murphy,3719082742,Engineer
P197,Person,Kelli Thomas,4473837874,Technician
P198,Person,Heather Lara,0562118482,Manager
P199,Person,Kathryn Walker,5902631701,Technician
